filename,chunk_idx,time_start_s,time_end_s,time_start_min,time_end_min,label,score_lof,score_gaussian,pred_lof_p90,pred_gauss_p90,pred_lof_ms2,pred_gauss_ms2
ml17_280a_0094_chunk0001.wav,1,5.0,10.0,0.083,0.167,0,0.9992131,1032.7654,0,0,0,0
ml17_280a_0094_chunk0002.wav,2,10.0,15.0,0.167,0.25,0,0.9813835,773.5884,0,0,0,0
ml17_280a_0094_chunk0003.wav,3,15.0,20.0,0.25,0.333,0,1.0051174,387.92657,0,0,0,0
ml17_280a_0094_chunk0004.wav,4,20.0,25.0,0.333,0.417,0,1.0155984,467.90643,0,0,0,0
ml17_280a_0094_chunk0005.wav,5,25.0,30.0,0.417,0.5,0,1.0185356,385.02826,1,0,0,0
ml17_280a_0094_chunk0007.wav,7,35.0,40.0,0.583,0.667,0,0.98138344,1232.0525,0,1,0,0
ml17_280a_0094_chunk0008.wav,8,40.0,45.0,0.667,0.75,0,1.0102266,848.7646,0,0,0,0
ml17_280a_0094_chunk0009.wav,9,45.0,50.0,0.75,0.833,0,0.98986906,1015.968,0,0,0,0
