filename,chunk_idx,time_start_s,time_end_s,time_start_min,time_end_min,label,score_lof,score_gaussian,pred_lof_p90,pred_gauss_p90,pred_lof_ms2,pred_gauss_ms2
ml17_280a_0123_chunk0000.wav,0,0.0,5.0,0.0,0.083,0,0.98857504,877.2087,0,0,0,0
ml17_280a_0123_chunk0001.wav,1,5.0,10.0,0.083,0.167,0,1.0048764,673.2619,0,0,0,0
ml17_280a_0123_chunk0003.wav,3,15.0,20.0,0.25,0.333,0,0.9985441,707.5806,0,0,0,0
ml17_280a_0123_chunk0004.wav,4,20.0,25.0,0.333,0.417,0,1.0029546,780.33374,0,0,0,0
ml17_280a_0123_chunk0005.wav,5,25.0,30.0,0.417,0.5,0,1.0139078,522.67145,1,0,0,0
ml17_280a_0123_chunk0006.wav,6,30.0,35.0,0.5,0.583,0,1.0017933,735.73865,0,0,0,0
ml17_280a_0123_chunk0007.wav,7,35.0,40.0,0.583,0.667,0,0.98857504,957.8087,0,1,0,0
ml17_280a_0123_chunk0008.wav,8,40.0,45.0,0.667,0.75,0,1.0012214,703.37787,0,0,0,0
ml17_280a_0123_chunk0009.wav,9,45.0,50.0,0.75,0.833,0,0.99999166,954.01843,0,0,0,0
