filename,chunk_idx,time_start_s,time_end_s,time_start_min,time_end_min,label,score_lof,score_gaussian,pred_lof_p90,pred_gauss_p90,pred_lof_ms2,pred_gauss_ms2
ml17_280a_0161_chunk0000.wav,0,0.0,5.0,0.0,0.083,1,0.98059803,1099.4579,0,1,0,0
ml17_280a_0161_chunk0002.wav,2,10.0,15.0,0.167,0.25,0,1.0197288,696.0311,0,0,0,0
ml17_280a_0161_chunk0004.wav,4,20.0,25.0,0.333,0.417,0,1.0197833,426.09143,1,0,0,0
ml17_280a_0161_chunk0005.wav,5,25.0,30.0,0.417,0.5,0,1.0066799,680.8847,0,0,0,0
ml17_280a_0161_chunk0013.wav,13,65.0,70.0,1.083,1.167,1,0.995049,897.84265,0,0,0,0
ml17_280a_0161_chunk0014.wav,14,70.0,75.0,1.167,1.25,0,0.9989373,733.4653,0,0,0,0
ml17_280a_0161_chunk0016.wav,16,80.0,85.0,1.333,1.417,0,0.98059803,842.227,0,0,0,0
