filename,chunk_idx,time_start_s,time_end_s,time_start_min,time_end_min,label,score_lof,score_gaussian,pred_lof_p90,pred_gauss_p90,pred_lof_ms2,pred_gauss_ms2
ml17_280a_0147_chunk0000.wav,0,0.0,5.0,0.0,0.083,0,1.0072006,796.3854,0,0,0,0
ml17_280a_0147_chunk0002.wav,2,10.0,15.0,0.167,0.25,0,1.0280874,596.93555,1,0,0,0
ml17_280a_0147_chunk0003.wav,3,15.0,20.0,0.25,0.333,0,0.9859829,1285.814,0,1,0,1
ml17_280a_0147_chunk0004.wav,4,20.0,25.0,0.333,0.417,0,1.0066826,548.751,0,0,0,0
ml17_280a_0147_chunk0006.wav,6,30.0,35.0,0.5,0.583,0,0.98725414,625.4497,0,0,0,0
ml17_280a_0147_chunk0007.wav,7,35.0,40.0,0.583,0.667,0,0.9859829,754.6644,0,0,0,0
