filename,chunk_idx,time_start_s,time_end_s,time_start_min,time_end_min,label,score_lof,score_gaussian,pred_lof_p90,pred_gauss_p90,pred_lof_ms2,pred_gauss_ms2
ml17_280a_0169_chunk0004.wav,4,20.0,25.0,0.333,0.417,0,0.996627,570.89136,0,0,0,0
ml17_280a_0169_chunk0008.wav,8,40.0,45.0,0.667,0.75,1,1.0033295,617.2665,0,0,0,0
ml17_280a_0169_chunk0015.wav,15,75.0,80.0,1.25,1.333,1,1.0029893,300.20612,0,0,0,0
ml17_280a_0169_chunk0016.wav,16,80.0,85.0,1.333,1.417,1,1.0057683,426.8588,1,0,0,0
ml17_280a_0169_chunk0018.wav,18,90.0,95.0,1.5,1.583,1,0.99380445,700.0283,0,0,0,0
ml17_280a_0169_chunk0019.wav,19,95.0,100.0,1.583,1.667,1,1.0050967,307.9602,0,0,0,0
ml17_280a_0169_chunk0020.wav,20,100.0,105.0,1.667,1.75,1,0.99380445,2269.296,0,1,0,1
ml17_280a_0169_chunk0021.wav,21,105.0,110.0,1.75,1.833,1,1.0030451,1050.566,0,0,0,0
ml17_280a_0169_chunk0022.wav,22,110.0,115.0,1.833,1.917,1,0.9957087,668.927,0,0,0,0
