filename,chunk_idx,time_start_s,time_end_s,time_start_min,time_end_min,label,score_lof,score_gaussian,pred_lof_p90,pred_gauss_p90,pred_lof_ms2,pred_gauss_ms2
ml17_280a_0076_chunk0000.wav,0,0.0,5.0,0.0,0.083,0,0.98007655,1262.5398,0,1,0,0
ml17_280a_0076_chunk0001.wav,1,5.0,10.0,0.083,0.167,0,1.0154284,520.20966,0,0,0,0
ml17_280a_0076_chunk0002.wav,2,10.0,15.0,0.167,0.25,0,1.0171428,592.1681,1,0,0,0
ml17_280a_0076_chunk0003.wav,3,15.0,20.0,0.25,0.333,0,1.0083971,580.6042,0,0,0,0
ml17_280a_0076_chunk0005.wav,5,25.0,30.0,0.417,0.5,0,0.9800766,884.4783,0,0,0,0
