filename,chunk_idx,time_start_s,time_end_s,time_start_min,time_end_min,label,score_lof,score_gaussian,pred_lof_p90,pred_gauss_p90,pred_lof_ms2,pred_gauss_ms2
ml17_280a_0138_chunk0000.wav,0,0.0,5.0,0.0,0.083,0,0.9864219,946.01794,0,1,0,0
ml17_280a_0138_chunk0003.wav,3,15.0,20.0,0.25,0.333,0,0.98642194,700.7124,0,0,0,0
ml17_280a_0138_chunk0005.wav,5,25.0,30.0,0.417,0.5,0,0.99671614,693.4444,0,0,0,0
ml17_280a_0138_chunk0007.wav,7,35.0,40.0,0.583,0.667,0,1.0220922,696.08014,1,0,0,0
ml17_280a_0138_chunk0008.wav,8,40.0,45.0,0.667,0.75,1,1.009104,803.7451,0,0,0,0
