filename,chunk_idx,time_start_s,time_end_s,time_start_min,time_end_min,label,score_lof,score_gaussian,pred_lof_p90,pred_gauss_p90,pred_lof_ms2,pred_gauss_ms2
ml17_280a_0067_chunk0000.wav,0,0.0,5.0,0.0,0.083,0,1.0024216,555.9875,0,0,0,0
ml17_280a_0067_chunk0001.wav,1,5.0,10.0,0.083,0.167,0,0.9772434,885.4388,0,0,0,0
ml17_280a_0067_chunk0002.wav,2,10.0,15.0,0.167,0.25,0,1.0341406,470.6266,1,0,0,0
ml17_280a_0067_chunk0003.wav,3,15.0,20.0,0.25,0.333,0,0.98721945,634.4425,0,0,0,0
ml17_280a_0067_chunk0005.wav,5,25.0,30.0,0.417,0.5,0,0.9871677,798.4963,0,0,0,0
ml17_280a_0067_chunk0006.wav,6,30.0,35.0,0.5,0.583,0,1.0271264,434.33118,0,0,0,0
ml17_280a_0067_chunk0007.wav,7,35.0,40.0,0.583,0.667,0,1.0103699,559.75543,0,0,0,0
ml17_280a_0067_chunk0010.wav,10,50.0,55.0,0.833,0.917,0,0.9772434,1804.9219,0,1,0,1
