filename,chunk_idx,time_start_s,time_end_s,time_start_min,time_end_min,label,score_lof,score_gaussian,pred_lof_p90,pred_gauss_p90,pred_lof_ms2,pred_gauss_ms2
ml17_280a_0168_chunk0001.wav,1,5.0,10.0,0.083,0.167,1,0.98740566,746.53577,0,0,0,0
ml17_280a_0168_chunk0002.wav,2,10.0,15.0,0.167,0.25,1,0.9809437,774.58606,0,0,0,0
ml17_280a_0168_chunk0004.wav,4,20.0,25.0,0.333,0.417,1,0.9994208,498.53613,0,0,0,0
ml17_280a_0168_chunk0005.wav,5,25.0,30.0,0.417,0.5,1,0.9879946,815.3195,0,0,0,0
ml17_280a_0168_chunk0009.wav,9,45.0,50.0,0.75,0.833,1,1.022396,508.14453,0,0,0,0
ml17_280a_0168_chunk0011.wav,11,55.0,60.0,0.917,1.0,1,1.033819,371.44727,1,0,0,0
ml17_280a_0168_chunk0012.wav,12,60.0,65.0,1.0,1.083,1,1.0094714,949.84326,0,0,0,0
ml17_280a_0168_chunk0013.wav,13,65.0,70.0,1.083,1.167,1,0.9809437,1479.5875,0,1,0,1
