,precision,recall,f1-score,support
RAS,0.0,0.0,0.0,102.0
ANOMALIE,0.019230769230769232,1.0,0.03773584905660377,2.0
accuracy,0.019230769230769232,0.019230769230769232,0.019230769230769232,0.019230769230769232
macro avg,0.009615384615384616,0.5,0.018867924528301886,104.0
weighted avg,0.00036982248520710064,0.019230769230769232,0.000725689404934688,104.0

Confusion Matrix
,RAS Predicted,ANOMALIE Predicted
RAS Actual,0,102
ANOMALIE Actual,0,2
