,precision,recall,f1-score,support
RAS,0.8650793650793651,1.0,0.9276595744680851,109.0
ANOMALIE,0.0,0.0,0.0,17.0
accuracy,0.8650793650793651,0.8650793650793651,0.8650793650793651,0.8650793650793651
macro avg,0.43253968253968256,0.5,0.46382978723404256,126.0
weighted avg,0.7483623078861175,0.8650793650793651,0.8024991556906451,126.0

Confusion Matrix
,RAS Predicted,ANOMALIE Predicted
RAS Actual,109,0
ANOMALIE Actual,17,0
