,precision,recall,f1-score,support
Void,0.7222222222222222,0.25,0.37142857142857144,52.0
Anomaly,0.524390243902439,0.8958333333333334,0.6615384615384615,48.0
accuracy,0.56,0.56,0.56,0.56
macro avg,0.6233062330623307,0.5729166666666667,0.5164835164835164,100.0
weighted avg,0.6272628726287263,0.56,0.5106813186813187,100.0
