,precision,recall,f1-score,support
RAS,0.0,0.0,0.0,106.0
ANOMALIE,0.15873015873015872,1.0,0.273972602739726,20.0
accuracy,0.15873015873015872,0.15873015873015872,0.15873015873015872,0.15873015873015872
macro avg,0.07936507936507936,0.5,0.136986301369863,126.0
weighted avg,0.025195263290501386,0.15873015873015872,0.04348771472059143,126.0

Confusion Matrix
,RAS Predicted,ANOMALIE Predicted
RAS Actual,0,106
ANOMALIE Actual,0,20
