,precision,recall,f1-score,support
RAS,0.96,0.4897959183673469,0.6486486486486487,49.0
ANOMALIE,0.24242424242424243,0.8888888888888888,0.38095238095238093,9.0
accuracy,0.5517241379310345,0.5517241379310345,0.5517241379310345,0.5517241379310345
macro avg,0.6012121212121212,0.6893424036281179,0.5148005148005148,58.0
weighted avg,0.8486520376175548,0.5517241379310345,0.607109572626814,58.0

Confusion Matrix
,RAS Predicted,ANOMALIE Predicted
RAS Actual,24,25
ANOMALIE Actual,1,8
