class,precision,recall,f1,support
Void (normal),0.502177068214804,0.8987012987012987,0.6443202979515829,385
Anomaly,0.9170212765957447,0.5568475452196382,0.6929260450160771,774
weighted avg,0.7792171176426281,0.6704055220017257,0.6767800462069051,1159
