class,precision,recall,f1,support
Void (normal),0.85,0.6538461538461539,0.7391304347826086,52
Anomaly,0.7,0.875,0.7777777777777778,48
weighted avg,0.7779999999999998,0.76,0.7576811594202898,100
