class,precision,recall,f1,support
Void (normal),0.5287356321839081,0.8846153846153846,0.6618705035971223,52
Anomaly,0.5384615384615384,0.14583333333333334,0.22950819672131148,48
weighted avg,0.5334040671971707,0.53,0.45433659629673306,100
