class,precision,recall,f1,support
Void (normal),0.9587288485348742,0.8914044512663085,0.9238417180353947,5212
Anomaly,0.46350710900473935,0.7097242380261248,0.5607798165137615,689
weighted avg,0.9009068220078003,0.8701914929672937,0.8814506571730993,5901
