class,precision,recall,f1,support
Void (normal),0.9546102177895379,0.8998465080583269,0.9264197530864198,5212
Anomaly,0.4716599190283401,0.6763425253991292,0.5557543231961837,689
weighted avg,0.898221003106185,0.8737502118285037,0.8831409052310779,5901
