auroc,ap,f1,precision,recall,n_flagged,tau,strategy
0.8487096882445717,0.9030069995742753,0.8687837028160575,0.8100558659217877,0.9366925064599483,895,-409.0265502929688,raw (oracle)
0.8487096882445717,0.9030069995742753,0.8676021964612569,0.8219653179190751,0.9186046511627907,865,-393.1711120605469,raw p60
0.8487096882445717,0.9030069995742753,0.8479087452471483,0.832089552238806,0.8643410852713178,804,-366.6636535644531,raw p65
0.8487096882445717,0.9030069995742753,0.844905905256327,0.848761408083442,0.8410852713178295,767,-351.7336730957032,raw p70
0.7199738246249874,0.8144110151415964,0.8087431693989071,0.7007575757575758,0.9560723514211886,1056,-1.2417448629236232,per-rec norm (oracle)
0.7199738246249874,0.8144110151415964,0.7724867724867724,0.7913279132791328,0.7545219638242894,738,-0.425467385982779,per-rec norm p60
0.7199738246249874,0.8144110151415964,0.7590443686006826,0.804630969609262,0.7183462532299741,691,-0.3263403504055456,per-rec norm p65
0.7199738246249874,0.8144110151415964,0.7420494699646644,0.8190327613104524,0.6782945736434108,641,-0.21852799930251837,per-rec norm p70
