auroc,ap,f1,precision,recall,n_flagged,tau,strategy
0.9100980543949598,0.5707456658164705,0.5607798165137614,0.46350710900473935,0.7097242380261248,1055,-335.2324523925781,raw (oracle)
0.9100980543949598,0.5707456658164705,0.5557543231961837,0.4716599190283401,0.6763425253991292,988,-320.39752807617174,raw p90
0.9100980543949598,0.5707456658164705,0.501577287066246,0.5492227979274611,0.46153846153846156,579,-223.62698059082032,raw p95
0.9100980543949598,0.5707456658164705,0.3638368246968026,0.7568807339449541,0.23947750362844702,218,-112.5279730224601,raw p99
0.7598530576419048,0.28006761015307113,0.3947100712105799,0.3038371182458888,0.5631349782293179,1277,0.6166262172468462,per-rec norm (oracle)
0.7598530576419048,0.28006761015307113,0.34562841530054644,0.32645161290322583,0.3671988388969521,775,1.0766938443938658,per-rec norm p90
0.7598530576419048,0.28006761015307113,0.25206991720331184,0.3442211055276382,0.1988388969521045,398,1.6219510746659274,per-rec norm p95
0.7598530576419048,0.28006761015307113,0.0651890482398957,0.32051282051282054,0.036284470246734396,78,2.936849713866716,per-rec norm p99
